Mutation	Fitness	Patient_ID
p.Q136E	3.313836119	MPAM01
p.G245D	3.817039834	MPAM04
P27Lfs*17	4.5	MPAM05
p.X187_splice	1.548680885	MPAM06
p.L344P	3.435599186	PAM02
p.N29Kfs*14	4.5	PAM22
p.Y163C	3.663124054	PAM24
p.R273H	4.137129063	PAM25
p.R273C	4.122701194	PAM27
p.R273C	4.122701194	PAM39
p.Y220C	3.923749809	PAM46
p.Y220C	3.923749809	PAM47
p.E294Sfs*51	4.5	PAM48
p.G302Rfs*4	4.5	PAM49
p.X125_splice	1.548680885	PAM50
p.R273H	4.137129063	PAM51
p.R342*	4.5	PAM52
p.L35Rfs*8	4.5	PAM53
p.X187_splice	1.548680885	PAM54
p.X307_splice	1.548680885	PAM55
p.F113C	3.143957473	PAM56